year,team1,score1,team2,score2,stage,matchs
2023,Milwaukee Bucks,1,Miami Heat,4,First round,1
2023,Cleveland Cavaliers,1,New York Knicks,4,First round,2
2023,Philadelphia 76ers,4,Brooklyn Nets,0,First round,3
2023,Boston Celtics,4,Atlanta Hawks,2,First round,4
2023,Denver Nuggets,4,Minnesota Timberwolves,1,First round,5
2023,Phoenix Suns,4,LA Clippers,1,First round,6
2023,Sacramento Kings,3,Golden State Warriors,4,First round,7
2023,Memphis Grizzlies,2,Los Angeles Lakers,4,First round,8
2023,Miami Heat,4,New York Knicks,2,Conference semifinals,1
2023,Philadelphia 76ers,3,Boston Celtics,4,Conference semifinals,2
2023,Denver Nuggets,4,Phoenix Suns,2,Conference semifinals,3
2023,Golden State Warriors,2,Los Angeles Lakers,4,Conference semifinals,4
2023,Miami Heat,4,Boston Celtics,3,Conference finals,1
2023,Denver Nuggets,4,Los Angeles Lakers,0,Conference finals,2
2023,Miami Heat,1,Denver Nuggets,4,NBA Finals,1
2022,Miami Heat,4,Atlanta Hawks,1,First round,1
2022,Philadelphia 76ers,4,Toronto Raptors,2,First round,2
2022,Milwaukee Bucks,4,Chicago Bulls,1,First round,3
2022,Boston Celtics,4,Brooklyn Nets,0,First round,4
2022,Phoenix Suns,4,New Orleans Pelicans,2,First round,5
2022,Dallas Mavericks,4,Utah Jazz,2,First round,6
2022,Golden State Warriors,4,Denver Nuggets,1,First round,7
2022,Memphis Grizzlies,4,Minnesota Timberwolves,2,First round,8
2022,Miami Heat,4,Philadelphia 76ers,2,Conference semifinals,1
2022,Milwaukee Bucks,3,Boston Celtics,4,Conference semifinals,2
2022,Phoenix Suns,3,Dallas Mavericks,4,Conference semifinals,3
2022,Golden State Warriors,4,Memphis Grizzlies,2,Conference semifinals,4
2022,Miami Heat,3,Boston Celtics,4,Conference finals,1
2022,Dallas Mavericks,1,Golden State Warriors,4,Conference finals,2
2022,Boston Celtics,2,Golden State Warriors,4,NBA Finals,1
2021,Philadelphia 76ers,4,Washington Wizards,1,First round,1
2021,New York Knicks,1,Atlanta Hawks,4,First round,2
2021,Milwaukee Bucks,4,Miami Heat,0,First round,3
2021,Brooklyn Nets,4,Boston Celtics,1,First round,4
2021,Utah Jazz,4,Memphis Grizzlies,1,First round,5
2021,LA Clippers,4,Dallas Mavericks,3,First round,6
2021,Denver Nuggets,4,Portland Trail Blazers,2,First round,7
2021,Phoenix Suns,4,Los Angeles Lakers,2,First round,8
2021,Philadelphia 76ers,3,Atlanta Hawks,4,Conference semifinals,1
2021,Milwaukee Bucks,4,Brooklyn Nets,3,Conference semifinals,2
2021,Utah Jazz,2,LA Clippers,4,Conference semifinals,3
2021,Denver Nuggets,0,Phoenix Suns,4,Conference semifinals,4
2021,Atlanta Hawks,2,Milwaukee Bucks,4,Conference finals,1
2021,LA Clippers,2,Phoenix Suns,4,Conference finals,2
2021,Milwaukee Bucks,4,Phoenix Suns,2,NBA Finals,1
2020,Milwaukee Bucks,4,Orlando Magic,1,First round,1
2020,Indiana Pacers,0,Miami Heat,4,First round,2
2020,Boston Celtics,4,Philadelphia 76ers,0,First round,3
2020,Toronto Raptors,4,Brooklyn Nets,0,First round,4
2020,Los Angeles Lakers,4,Portland Trail Blazers,1,First round,5
2020,Houston Rockets,4,Oklahoma City Thunder,3,First round,6
2020,Denver Nuggets,4,Utah Jazz,3,First round,7
2020,LA Clippers,4,Dallas Mavericks,2,First round,8
2020,Milwaukee Bucks,1,Miami Heat,4,Conference semifinals,1
2020,Boston Celtics,4,Toronto Raptors,3,Conference semifinals,2
2020,Los Angeles Lakers,4,Houston Rockets,1,Conference semifinals,3
2020,Denver Nuggets,4,LA Clippers,3,Conference semifinals,4
2020,Miami Heat,4,Boston Celtics,2,Conference finals,1
2020,Los Angeles Lakers,4,Denver Nuggets,1,Conference finals,2
2020,Miami Heat,2,Los Angeles Lakers,4,NBA Finals,1
2019,Milwaukee Bucks,4,Detroit Pistons,0,First round,1
2019,Boston Celtics,4,Indiana Pacers,0,First round,2
2019,Philadelphia 76ers,4,Brooklyn Nets,1,First round,3
2019,Toronto Raptors,4,Orlando Magic,1,First round,4
2019,Golden State Warriors,4,LA Clippers,2,First round,5
2019,Houston Rockets,4,Utah Jazz,1,First round,6
2019,Portland Trail Blazers,4,Oklahoma City Thunder,1,First round,7
2019,Denver Nuggets,4,San Antonio Spurs,3,First round,8
2019,Milwaukee Bucks,4,Boston Celtics,1,Conference semifinals,1
2019,Philadelphia 76ers,3,Toronto Raptors,4,Conference semifinals,2
2019,Golden State Warriors,4,Houston Rockets,2,Conference semifinals,3
2019,Portland Trail Blazers,4,Denver Nuggets,3,Conference semifinals,4
2019,Milwaukee Bucks,2,Toronto Raptors,4,Conference finals,1
2019,Golden State Warriors,4,Portland Trail Blazers,0,Conference finals,2
2019,Toronto Raptors,4,Golden State Warriors,2,NBA Finals,1
2018,Toronto Raptors,4,Washington Wizards,2,First round,1
2018,Cleveland Cavaliers,4,Indiana Pacers,3,First round,2
2018,Philadelphia 76ers,4,Miami Heat,1,First round,3
2018,Boston Celtics,4,Milwaukee Bucks,3,First round,4
2018,Houston Rockets,4,Minnesota Timberwolves,1,First round,5
2018,Oklahoma City Thunder,2,Utah Jazz,4,First round,6
2018,Portland Trail Blazers,0,New Orleans Pelicans,4,First round,7
2018,Golden State Warriors,4,San Antonio Spurs,1,First round,8
2018,Toronto Raptors,0,Cleveland Cavaliers,4,Conference semifinals,1
2018,Philadelphia 76ers,1,Boston Celtics,4,Conference semifinals,2
2018,Houston Rockets,4,Utah Jazz,1,Conference semifinals,3
2018,New Orleans Pelicans,1,Golden State Warriors,4,Conference semifinals,4
2018,Cleveland Cavaliers,4,Boston Celtics,3,Conference finals,1
2018,Houston Rockets,3,Golden State Warriors,4,Conference finals,2
2018,Cleveland Cavaliers,0,Golden State Warriors,4,NBA Finals,1
2017,Boston Celtics,4,Chicago Bulls,2,First round,1
2017,Washington Wizards,4,Atlanta Hawks,2,First round,2
2017,Toronto Raptors,4,Milwaukee Bucks,2,First round,3
2017,Cleveland Cavaliers,4,Indiana Pacers,0,First round,4
2017,Golden State Warriors,4,Portland Trail Blazers,0,First round,5
2017,LA Clippers,3,Utah Jazz,4,First round,6
2017,Houston Rockets,4,Oklahoma City Thunder,1,First round,7
2017,San Antonio Spurs,4,Memphis Grizzlies,2,First round,8
2017,Boston Celtics,4,Washington Wizards,3,Conference semifinals,1
2017,Toronto Raptors,0,Cleveland Cavaliers,4,Conference semifinals,2
2017,Golden State Warriors,4,Utah Jazz,0,Conference semifinals,3
2017,Houston Rockets,2,San Antonio Spurs,4,Conference semifinals,4
2017,Boston Celtics,1,Cleveland Cavaliers,4,Conference finals,1
2017,Golden State Warriors,4,San Antonio Spurs,0,Conference finals,2
2017,Cleveland Cavaliers,1,Golden State Warriors,4,NBA Finals,1
2016,Cleveland Cavaliers,4,Detroit Pistons,0,First round,1
2016,Atlanta Hawks,4,Boston Celtics,2,First round,2
2016,Miami Heat,4,Charlotte Hornets,3,First round,3
2016,Toronto Raptors,4,Indiana Pacers,3,First round,4
2016,Golden State Warriors,4,Houston Rockets,1,First round,5
2016,LA Clippers,2,Portland Trail Blazers,4,First round,6
2016,Oklahoma City Thunder,4,Dallas Mavericks,1,First round,7
2016,San Antonio Spurs,4,Memphis Grizzlies,0,First round,8
2016,Cleveland Cavaliers,4,Atlanta Hawks,0,Conference semifinals,1
2016,Miami Heat,3,Toronto Raptors,4,Conference semifinals,2
2016,Golden State Warriors,4,Portland Trail Blazers,1,Conference semifinals,3
2016,Oklahoma City Thunder,4,San Antonio Spurs,2,Conference semifinals,4
2016,Cleveland Cavaliers,4,Toronto Raptors,2,Conference finals,1
2016,Golden State Warriors,4,Oklahoma City Thunder,3,Conference finals,2
2016,Cleveland Cavaliers,4,Golden State Warriors,3,NBA Finals,1
2015,Atlanta Hawks,4,Brooklyn Nets,2,First round,1
2015,Toronto Raptors,0,Washington Wizards,4,First round,2
2015,Chicago Bulls,4,Milwaukee Bucks,2,First round,3
2015,Cleveland Cavaliers,4,Boston Celtics,0,First round,4
2015,Golden State Warriors,4,New Orleans Pelicans,0,First round,5
2015,Portland Trail Blazers,1,Memphis Grizzlies,4,First round,6
2015,LA Clippers,4,San Antonio Spurs,3,First round,7
2015,Houston Rockets,4,Dallas Mavericks,1,First round,8
2015,Atlanta Hawks,4,Washington Wizards,2,Conference semifinals,1
2015,Chicago Bulls,2,Cleveland Cavaliers,4,Conference semifinals,2
2015,Golden State Warriors,4,Memphis Grizzlies,2,Conference semifinals,3
2015,LA Clippers,3,Houston Rockets,4,Conference semifinals,4
2015,Atlanta Hawks,0,Cleveland Cavaliers,4,Conference finals,1
2015,Golden State Warriors,4,Houston Rockets,1,Conference finals,2
2015,Cleveland Cavaliers,2,Golden State Warriors,4,NBA Finals,1
2014,Indiana Pacers,4,Atlanta Hawks,3,First round,1
2014,Chicago Bulls,1,Washington Wizards,4,First round,2
2014,Toronto Raptors,3,Brooklyn Nets,4,First round,3
2014,Miami Heat,4,Charlotte Hornets,0,First round,4
2014,San Antonio Spurs,4,Dallas Mavericks,3,First round,5
2014,Houston Rockets,2,Portland Trail Blazers,4,First round,6
2014,LA Clippers,4,Golden State Warriors,3,First round,7
2014,Oklahoma City Thunder,4,Memphis Grizzlies,3,First round,8
2014,Indiana Pacers,4,Washington Wizards,2,Conference semifinals,1
2014,Brooklyn Nets,1,Miami Heat,4,Conference semifinals,2
2014,San Antonio Spurs,4,Portland Trail Blazers,1,Conference semifinals,3
2014,LA Clippers,2,Oklahoma City Thunder,4,Conference semifinals,4
2014,Indiana Pacers,2,Miami Heat,4,Conference finals,1
2014,San Antonio Spurs,4,Oklahoma City Thunder,2,Conference finals,2
2014,Miami Heat,1,San Antonio Spurs,4,NBA Finals,1
2013,Miami Heat,4,Milwaukee Bucks,0,First round,1
2013,Brooklyn Nets,3,Chicago Bulls,4,First round,2
2013,Indiana Pacers,4,Atlanta Hawks,2,First round,3
2013,New York Knicks,4,Boston Celtics,2,First round,4
2013,Oklahoma City Thunder,4,Houston Rockets,2,First round,5
2013,LA Clippers,2,Memphis Grizzlies,4,First round,6
2013,Denver Nuggets,2,Golden State Warriors,4,First round,7
2013,San Antonio Spurs,4,Los Angeles Lakers,0,First round,8
2013,Miami Heat,4,Chicago Bulls,1,Conference semifinals,1
2013,Indiana Pacers,4,New York Knicks,2,Conference semifinals,2
2013,Oklahoma City Thunder,1,Memphis Grizzlies,2,Conference semifinals,3
2013,Golden State Warriors,2,San Antonio Spurs,4,Conference semifinals,4
2013,Miami Heat,4,Indiana Pacers,3,Conference finals,1
2013,Memphis Grizzlies,0,San Antonio Spurs,4,Conference finals,2
2013,Miami Heat,4,San Antonio Spurs,3,NBA Finals,1
2012,Chicago Bulls,2,Philadelphia 76ers,4,First round,1
2012,Atlanta Hawks,2,Boston Celtics,4,First round,2
2012,Indiana Pacers,4,Orlando Magic,1,First round,3
2012,Miami Heat,4,New York Knicks,1,First round,4
2012,San Antonio Spurs,4,Utah Jazz,0,First round,5
2012,Memphis Grizzlies,3,LA Clippers,4,First round,6
2012,Los Angeles Lakers,4,Denver Nuggets,3,First round,7
2012,Oklahoma City Thunder,4,Dallas Mavericks,0,First round,8
2012,Philadelphia 76ers,3,Boston Celtics,4,Conference semifinals,1
2012,Indiana Pacers,2,Miami Heat,4,Conference semifinals,2
2012,San Antonio Spurs,4,LA Clippers,0,Conference semifinals,3
2012,Los Angeles Lakers,1,Oklahoma City Thunder,4,Conference semifinals,4
2012,Boston Celtics,3,Miami Heat,4,Conference finals,1
2012,San Antonio Spurs,2,Oklahoma City Thunder,4,Conference finals,2
2012,Miami Heat,4,Oklahoma City Thunder,1,NBA Finals,1
2011,Chicago Bulls,4,Indiana Pacers,1,First round,1
2011,Orlando Magic,2,Atlanta Hawks,4,First round,2
2011,Boston Celtics,4,New York Knicks,0,First round,3
2011,Miami Heat,4,Philadelphia 76ers,1,First round,4
2011,San Antonio Spurs,2,Memphis Grizzlies,4,First round,5
2011,Oklahoma City Thunder,4,Denver Nuggets,1,First round,6
2011,Dallas Mavericks,4,Portland Trail Blazers,2,First round,7
2011,Los Angeles Lakers,4,New Orleans Pelicans,2,First round,8
2011,Chicago Bulls,4,Atlanta Hawks,2,Conference semifinals,1
2011,Boston Celtics,1,Miami Heat,4,Conference semifinals,2
2011,Memphis Grizzlies,3,Oklahoma City Thunder,4,Conference semifinals,3
2011,Dallas Mavericks,4,Los Angeles Lakers,0,Conference semifinals,4
2011,Chicago Bulls,1,Miami Heat,4,Conference finals,1
2011,Oklahoma City Thunder,1,Dallas Mavericks,4,Conference finals,2
2011,Miami Heat,2,Dallas Mavericks,4,NBA Finals,1
2010,Cleveland Cavaliers,4,Chicago Bulls,1,First round,1
2010,Boston Celtics,4,Miami Heat,1,First round,2
2010,Atlanta Hawks,4,Milwaukee Bucks,3,First round,3
2010,Orlando Magic,4,Charlotte Hornets,0,First round,4
2010,Los Angeles Lakers,4,Oklahoma City Thunder,2,First round,5
2010,Denver Nuggets,2,Utah Jazz,4,First round,6
2010,Phoenix Suns,4,Portland Trail Blazers,2,First round,7
2010,Dallas Mavericks,2,San Antonio Spurs,4,First round,8
2010,Cleveland Cavaliers,2,Boston Celtics,4,Conference semifinals,1
2010,Atlanta Hawks,0,Orlando Magic,4,Conference semifinals,2
2010,Los Angeles Lakers,4,Utah Jazz,0,Conference semifinals,3
2010,Phoenix Suns,4,San Antonio Spurs,0,Conference semifinals,4
2010,Boston Celtics,4,Orlando Magic,2,Conference finals,1
2010,Los Angeles Lakers,4,Phoenix Suns,2,Conference finals,2
2010,Boston Celtics,3,Los Angeles Lakers,4,NBA Finals,1
2009,Cleveland Cavaliers,4,Detroit Pistons,0,First round,1
2009,Atlanta Hawks,4,Miami Heat,3,First round,2
2009,Orlando Magic,4,Philadelphia 76ers,2,First round,3
2009,Boston Celtics,4,Chicago Bulls,3,First round,4
2009,Los Angeles Lakers,4,Utah Jazz,1,First round,5
2009,Portland Trail Blazers,2,Houston Rockets,4,First round,6
2009,San Antonio Spurs,1,Dallas Mavericks,4,First round,7
2009,Denver Nuggets,4,New Orleans Pelicans,1,First round,8
2009,Cleveland Cavaliers,4,Atlanta Hawks,0,Conference semifinals,1
2009,Orlando Magic,4,Boston Celtics,3,Conference semifinals,2
2009,Los Angeles Lakers,4,Houston Rockets,3,Conference semifinals,3
2009,Dallas Mavericks,1,Denver Nuggets,4,Conference semifinals,4
2009,Cleveland Cavaliers,2,Orlando Magic,4,Conference finals,1
2009,Los Angeles Lakers,4,Denver Nuggets,2,Conference finals,2
2009,Orlando Magic,1,Los Angeles Lakers,4,NBA Finals,1
2008,Boston Celtics,4,Atlanta Hawks,3,First round,1
2008,Cleveland Cavaliers,4,Washington Wizards,2,First round,2
2008,Orlando Magic,4,Toronto Raptors,1,First round,3
2008,Detroit Pistons,4,Philadelphia 76ers,2,First round,4
2008,Los Angeles Lakers,4,Denver Nuggets,0,First round,5
2008,Utah Jazz,4,Houston Rockets,2,First round,6
2008,San Antonio Spurs,4,Phoenix Suns,1,First round,7
2008,New Orleans Pelicans,4,Dallas Mavericks,1,First round,8
2008,Boston Celtics,4,Cleveland Cavaliers,3,Conference semifinals,1
2008,Orlando Magic,1,Detroit Pistons,4,Conference semifinals,2
2008,Los Angeles Lakers,4,Utah Jazz,2,Conference semifinals,3
2008,San Antonio Spurs,4,New Orleans Pelicans,3,Conference semifinals,4
2008,Boston Celtics,4,Detroit Pistons,2,Conference finals,1
2008,Los Angeles Lakers,4,San Antonio Spurs,1,Conference finals,2
2008,Boston Celtics,4,Los Angeles Lakers,2,NBA Finals,1
2007,Detroit Pistons,4,Orlando Magic,0,First round,1
2007,Miami Heat,0,Chicago Bulls,4,First round,2
2007,Toronto Raptors,2,Brooklyn Nets,4,First round,3
2007,Cleveland Cavaliers,4,Washington Wizards,0,First round,4
2007,Dallas Mavericks,2,Golden State Warriors,4,First round,5
2007,Utah Jazz,4,Houston Rockets,3,First round,6
2007,San Antonio Spurs,4,Denver Nuggets,1,First round,7
2007,Phoenix Suns,4,Los Angeles Lakers,1,First round,8
2007,Detroit Pistons,4,Chicago Bulls,2,Conference semifinals,1
2007,Brooklyn Nets,2,Cleveland Cavaliers,4,Conference semifinals,2
2007,Golden State Warriors,1,Utah Jazz,4,Conference semifinals,3
2007,San Antonio Spurs,4,Phoenix Suns,2,Conference semifinals,4
2007,Detroit Pistons,2,Cleveland Cavaliers,4,Conference finals,1
2007,Utah Jazz,1,San Antonio Spurs,4,Conference finals,2
2007,Cleveland Cavaliers,0,San Antonio Spurs,4,NBA Finals,1
2006,Detroit Pistons,4,Milwaukee Bucks,1,First round,1
2006,Cleveland Cavaliers,4,Washington Wizards,2,First round,2
2006,Brooklyn Nets,4,Indiana Pacers,2,First round,3
2006,Miami Heat,4,Chicago Bulls,2,First round,4
2006,San Antonio Spurs,4,Sacramento Kings,2,First round,5
2006,Dallas Mavericks,4,Memphis Grizzlies,0,First round,6
2006,Denver Nuggets,1,LA Clippers,4,First round,7
2006,Phoenix Suns,4,Los Angeles Lakers,3,First round,8
2006,Detroit Pistons,4,Cleveland Cavaliers,3,Conference semifinals,1
2006,Brooklyn Nets,1,Miami Heat,4,Conference semifinals,2
2006,San Antonio Spurs,3,Dallas Mavericks,4,Conference semifinals,3
2006,LA Clippers,3,Phoenix Suns,4,Conference semifinals,4
2006,Detroit Pistons,2,Miami Heat,4,Conference finals,1
2006,Dallas Mavericks,4,Phoenix Suns,2,Conference finals,2
2006,Miami Heat,4,Dallas Mavericks,2,NBA Finals,1
2005,Miami Heat,4,Brooklyn Nets,0,First round,1
2005,Chicago Bulls,2,Washington Wizards,4,First round,2
2005,Boston Celtics,3,Indiana Pacers,4,First round,3
2005,Detroit Pistons,4,Philadelphia 76ers,1,First round,4
2005,Phoenix Suns,4,Memphis Grizzlies,0,First round,5
2005,Dallas Mavericks,4,Houston Rockets,3,First round,6
2005,Seattle SuperSonics,4,Sacramento Kings,1,First round,7
2005,San Antonio Spurs,4,Denver Nuggets,1,First round,8
2005,Miami Heat,4,Washington Wizards,0,Conference semifinals,1
2005,Indiana Pacers,2,Detroit Pistons,4,Conference semifinals,2
2005,Phoenix Suns,4,Dallas Mavericks,2,Conference semifinals,3
2005,Seattle SuperSonics,2,San Antonio Spurs,4,Conference semifinals,4
2005,Miami Heat,3,Detroit Pistons,4,Conference finals,1
2005,Phoenix Suns,1,San Antonio Spurs,4,Conference finals,2
2005,Detroit Pistons,3,San Antonio Spurs,4,NBA Finals,1
2004,Indiana Pacers,4,Boston Celtics,0,First round,1
2004,Miami Heat,4,New Orleans Pelicans,3,First round,2
2004,Detroit Pistons,4,Milwaukee Bucks,1,First round,3
2004,Brooklyn Nets,4,New York Knicks,0,First round,4
2004,Minnesota Timberwolves,4,Denver Nuggets,1,First round,5
2004,Sacramento Kings,4,Dallas Mavericks,1,First round,6
2004,San Antonio Spurs,4,Memphis Grizzlies,0,First round,7
2004,Los Angeles Lakers,4,Houston Rockets,1,First round,8
2004,Indiana Pacers,4,Miami Heat,2,Conference semifinals,1
2004,Detroit Pistons,4,Brooklyn Nets,3,Conference semifinals,2
2004,Minnesota Timberwolves,4,Sacramento Kings,3,Conference semifinals,3
2004,San Antonio Spurs,2,Los Angeles Lakers,4,Conference semifinals,4
2004,Indiana Pacers,2,Detroit Pistons,4,Conference finals,1
2004,Minnesota Timberwolves,2,Los Angeles Lakers,4,Conference finals,2
2004,Detroit Pistons,4,Los Angeles Lakers,1,NBA Finals,1
2003,Detroit Pistons,4,Orlando Magic,3,First round,1
2003,Philadelphia 76ers,4,New Orleans Pelicans,2,First round,2
2003,Indiana Pacers,2,Boston Celtics,4,First round,3
2003,Brooklyn Nets,4,Milwaukee Bucks,2,First round,4
2003,San Antonio Spurs,4,Phoenix Suns,2,First round,5
2003,Minnesota Timberwolves,2,Los Angeles Lakers,4,First round,6
2003,Dallas Mavericks,4,Portland Trail Blazers,3,First round,7
2003,Sacramento Kings,4,Utah Jazz,1,First round,8
2003,Detroit Pistons,4,Philadelphia 76ers,2,Conference semifinals,1
2003,Boston Celtics,0,Brooklyn Nets,4,Conference semifinals,2
2003,San Antonio Spurs,4,Los Angeles Lakers,2,Conference semifinals,3
2003,Dallas Mavericks,4,Sacramento Kings,3,Conference semifinals,4
2003,Detroit Pistons,0,Brooklyn Nets,4,Conference finals,1
2003,San Antonio Spurs,4,Dallas Mavericks,2,Conference finals,2
2003,Brooklyn Nets,2,San Antonio Spurs,4,NBA Finals,1
2002,Brooklyn Nets,3,Indiana Pacers,2,First round,1
2002,Charlotte Hornets,3,Orlando Magic,1,First round,2
2002,Boston Celtics,3,Philadelphia 76ers,2,First round,3
2002,Detroit Pistons,3,Toronto Raptors,2,First round,4
2002,Sacramento Kings,3,Utah Jazz,1,First round,5
2002,Dallas Mavericks,3,Minnesota Timberwolves,0,First round,6
2002,Los Angeles Lakers,3,Portland Trail Blazers,0,First round,7
2002,San Antonio Spurs,3,Seattle SuperSonics,2,First round,8
2002,Brooklyn Nets,4,Charlotte Hornets,1,Conference semifinals,1
2002,Boston Celtics,4,Detroit Pistons,1,Conference semifinals,2
2002,Sacramento Kings,4,Dallas Mavericks,1,Conference semifinals,3
2002,Los Angeles Lakers,4,San Antonio Spurs,1,Conference semifinals,4
2002,Brooklyn Nets,4,Boston Celtics,2,Conference finals,1
2002,Sacramento Kings,3,Los Angeles Lakers,4,Conference finals,2
2002,Brooklyn Nets,0,Los Angeles Lakers,4,NBA Finals,1
2001,Philadelphia 76ers,3,Indiana Pacers,1,First round,1
2001,New York Knicks,2,Toronto Raptors,3,First round,2
2001,Miami Heat,0,Charlotte Hornets,3,First round,3
2001,Milwaukee Bucks,3,Orlando Magic,1,First round,4
2001,San Antonio Spurs,3,Minnesota Timberwolves,1,First round,5
2001,Utah Jazz,2,Dallas Mavericks,3,First round,6
2001,Sacramento Kings,3,Phoenix Suns,1,First round,7
2001,Los Angeles Lakers,3,Portland Trail Blazers,0,First round,8
2001,Philadelphia 76ers,4,Toronto Raptors,3,Conference semifinals,1
2001,Charlotte Hornets,3,Milwaukee Bucks,4,Conference semifinals,2
2001,San Antonio Spurs,4,Dallas Mavericks,1,Conference semifinals,3
2001,Sacramento Kings,0,Los Angeles Lakers,4,Conference semifinals,4
2001,Philadelphia 76ers,4,Milwaukee Bucks,3,Conference finals,1
2001,San Antonio Spurs,0,Los Angeles Lakers,4,Conference finals,2
2001,Philadelphia 76ers,1,Los Angeles Lakers,4,NBA Finals,1
2000,Indiana Pacers,3,Milwaukee Bucks,2,First round,1
2000,Charlotte Hornets,1,Philadelphia 76ers,3,First round,2
2000,New York Knicks,3,Toronto Raptors,0,First round,3
2000,Miami Heat,3,Detroit Pistons,0,First round,4
2000,Los Angeles Lakers,3,Sacramento Kings,2,First round,5
2000,San Antonio Spurs,1,Phoenix Suns,3,First round,6
2000,Portland Trail Blazers,3,Minnesota Timberwolves,1,First round,7
2000,Utah Jazz,3,Seattle SuperSonics,2,First round,8
2000,Indiana Pacers,4,Philadelphia 76ers,2,Conference semifinals,1
2000,New York Knicks,4,Miami Heat,3,Conference semifinals,2
2000,Los Angeles Lakers,4,Phoenix Suns,1,Conference semifinals,3
2000,Portland Trail Blazers,4,Utah Jazz,1,Conference semifinals,4
2000,Indiana Pacers,4,New York Knicks,2,Conference finals,1
2000,Los Angeles Lakers,4,Portland Trail Blazers,3,Conference finals,2
2000,Indiana Pacers,2,Los Angeles Lakers,4,NBA Finals,1
1999,Miami Heat,2,New York Knicks,3,First round,1
1999,Atlanta Hawks,3,Detroit Pistons,2,First round,2
1999,Orlando Magic,1,Philadelphia 76ers,3,First round,3
1999,Indiana Pacers,3,Milwaukee Bucks,0,First round,4
1999,San Antonio Spurs,3,Minnesota Timberwolves,1,First round,5
1999,Los Angeles Lakers,3,Houston Rockets,1,First round,6
1999,Utah Jazz,3,Sacramento Kings,2,First round,7
1999,Portland Trail Blazers,3,Phoenix Suns,0,First round,8
1999,New York Knicks,4,Atlanta Hawks,0,Conference semifinals,1
1999,Philadelphia 76ers,0,Indiana Pacers,4,Conference semifinals,2
1999,San Antonio Spurs,4,Los Angeles Lakers,0,Conference semifinals,3
1999,Utah Jazz,2,Portland Trail Blazers,4,Conference semifinals,4
1999,New York Knicks,4,Indiana Pacers,2,Conference finals,1
1999,San Antonio Spurs,4,Portland Trail Blazers,0,Conference finals,2
1999,New York Knicks,1,San Antonio Spurs,4,NBA Finals,1
1998,Chicago Bulls,3,Brooklyn Nets,0,First round,1
1998,Charlotte Hornets,3,Atlanta Hawks,1,First round,2
1998,Indiana Pacers,3,Cleveland Cavaliers,1,First round,3
1998,Miami Heat,2,New York Knicks,3,First round,4
1998,Utah Jazz,3,Houston Rockets,2,First round,5
1998,Phoenix Suns,1,San Antonio Spurs,3,First round,6
1998,Los Angeles Lakers,3,Portland Trail Blazers,1,First round,7
1998,Seattle SuperSonics,3,Minnesota Timberwolves,2,First round,8
1998,Chicago Bulls,4,Charlotte Hornets,1,Conference semifinals,1
1998,Indiana Pacers,4,New York Knicks,1,Conference semifinals,2
1998,Utah Jazz,4,San Antonio Spurs,1,Conference semifinals,3
1998,Los Angeles Lakers,4,Seattle SuperSonics,1,Conference semifinals,4
1998,Chicago Bulls,4,Indiana Pacers,3,Conference finals,1
1998,Utah Jazz,4,Los Angeles Lakers,0,Conference finals,2
1998,Chicago Bulls,4,Utah Jazz,2,NBA Finals,1
1997,Chicago Bulls,3,Washington Wizards,0,First round,1
1997,Atlanta Hawks,3,Detroit Pistons,2,First round,2
1997,New York Knicks,3,Charlotte Hornets,0,First round,3
1997,Miami Heat,3,Orlando Magic,2,First round,4
1997,Utah Jazz,3,LA Clippers,0,First round,5
1997,Los Angeles Lakers,3,Portland Trail Blazers,1,First round,6
1997,Houston Rockets,3,Minnesota Timberwolves,0,First round,7
1997,Seattle SuperSonics,3,Phoenix Suns,2,First round,8
1997,Chicago Bulls,4,Atlanta Hawks,1,Conference semifinals,1
1997,New York Knicks,3,Miami Heat,4,Conference semifinals,2
1997,Utah Jazz,4,Los Angeles Lakers,1,Conference semifinals,3
1997,Houston Rockets,4,Seattle SuperSonics,3,Conference semifinals,4
1997,Chicago Bulls,4,Miami Heat,1,Conference finals,1
1997,Utah Jazz,4,Houston Rockets,2,Conference finals,2
1997,Chicago Bulls,4,Utah Jazz,2,NBA Finals,1
1996,Chicago Bulls,3,Miami Heat,0,First round,1
1996,Cleveland Cavaliers,0,New York Knicks,3,First round,2
1996,Indiana Pacers,2,Atlanta Hawks,3,First round,3
1996,Orlando Magic,3,Detroit Pistons,0,First round,4
1996,Seattle SuperSonics,3,Sacramento Kings,1,First round,5
1996,Los Angeles Lakers,1,Houston Rockets,3,First round,6
1996,Utah Jazz,3,Portland Trail Blazers,2,First round,7
1996,San Antonio Spurs,3,Phoenix Suns,1,First round,8
1996,Chicago Bulls,4,New York Knicks,1,Conference semifinals,1
1996,Atlanta Hawks,1,Orlando Magic,4,Conference semifinals,2
1996,Seattle SuperSonics,4,Houston Rockets,0,Conference semifinals,3
1996,Utah Jazz,4,San Antonio Spurs,2,Conference semifinals,4
1996,Chicago Bulls,4,Orlando Magic,0,Conference finals,1
1996,Seattle SuperSonics,4,Utah Jazz,3,Conference finals,2
1996,Chicago Bulls,4,Seattle SuperSonics,2,NBA Finals,1
1995,Orlando Magic,3,Boston Celtics,1,First round,1
1995,Charlotte Hornets,1,Chicago Bulls,3,First round,2
1995,New York Knicks,3,Cleveland Cavaliers,1,First round,3
1995,Indiana Pacers,3,Atlanta Hawks,0,First round,4
1995,San Antonio Spurs,3,Denver Nuggets,0,First round,5
1995,Seattle SuperSonics,1,Los Angeles Lakers,3,First round,6
1995,Utah Jazz,2,Houston Rockets,3,First round,7
1995,Phoenix Suns,3,Portland Trail Blazers,0,First round,8
1995,Orlando Magic,4,Chicago Bulls,2,Conference semifinals,1
1995,New York Knicks,3,Indiana Pacers,4,Conference semifinals,2
1995,San Antonio Spurs,4,Los Angeles Lakers,2,Conference semifinals,3
1995,Houston Rockets,4,Phoenix Suns,3,Conference semifinals,4
1995,Orlando Magic,4,Indiana Pacers,3,Conference finals,1
1995,San Antonio Spurs,2,Houston Rockets,4,Conference finals,2
1995,Orlando Magic,0,Houston Rockets,4,NBA Finals,1
1994,Atlanta Hawks,3,Miami Heat,2,First round,1
1994,Orlando Magic,0,Indiana Pacers,3,First round,2
1994,Chicago Bulls,3,Cleveland Cavaliers,0,First round,3
1994,New York Knicks,3,Brooklyn Nets,1,First round,4
1994,Seattle SuperSonics,2,Denver Nuggets,3,First round,5
1994,San Antonio Spurs,1,Utah Jazz,3,First round,6
1994,Phoenix Suns,3,Golden State Warriors,0,First round,7
1994,Houston Rockets,3,Portland Trail Blazers,1,First round,8
1994,Atlanta Hawks,2,Indiana Pacers,4,Conference semifinals,1
1994,Chicago Bulls,3,New York Knicks,4,Conference semifinals,2
1994,Denver Nuggets,3,Utah Jazz,4,Conference semifinals,3
1994,Phoenix Suns,3,Houston Rockets,4,Conference semifinals,4
1994,Indiana Pacers,3,New York Knicks,4,Conference finals,1
1994,Utah Jazz,1,Houston Rockets,4,Conference finals,2
1994,New York Knicks,3,Houston Rockets,4,NBA Finals,1
1993,New York Knicks,3,Indiana Pacers,1,First round,1
1993,Boston Celtics,1,Charlotte Hornets,3,First round,2
1993,Cleveland Cavaliers,3,Brooklyn Nets,2,First round,3
1993,Chicago Bulls,3,Atlanta Hawks,0,First round,4
1993,Phoenix Suns,3,Los Angeles Lakers,2,First round,5
1993,Portland Trail Blazers,1,San Antonio Spurs,3,First round,6
1993,Seattle SuperSonics,3,Utah Jazz,2,First round,7
1993,Houston Rockets,3,LA Clippers,2,First round,8
1993,New York Knicks,4,Charlotte Hornets,1,Conference semifinals,1
1993,Cleveland Cavaliers,0,Chicago Bulls,4,Conference semifinals,2
1993,Phoenix Suns,4,San Antonio Spurs,2,Conference semifinals,3
1993,Seattle SuperSonics,4,Houston Rockets,3,Conference semifinals,4
1993,New York Knicks,2,Chicago Bulls,4,Conference finals,1
1993,Phoenix Suns,4,Seattle SuperSonics,3,Conference finals,2
1993,Chicago Bulls,4,Phoenix Suns,2,NBA Finals,1
1992,Chicago Bulls,3,Miami Heat,0,First round,1
1992,New York Knicks,3,Detroit Pistons,2,First round,2
1992,Cleveland Cavaliers,3,Brooklyn Nets,1,First round,3
1992,Boston Celtics,3,Indiana Pacers,0,First round,4
1992,Portland Trail Blazers,3,Los Angeles Lakers,1,First round,5
1992,Phoenix Suns,3,San Antonio Spurs,0,First round,6
1992,Golden State Warriors,1,Seattle SuperSonics,3,First round,7
1992,Utah Jazz,3,LA Clippers,2,First round,8
1992,Chicago Bulls,4,New York Knicks,3,Conference semifinals,1
1992,Cleveland Cavaliers,4,Boston Celtics,3,Conference semifinals,2
1992,Portland Trail Blazers,4,Phoenix Suns,1,Conference semifinals,3
1992,Seattle SuperSonics,1,Utah Jazz,4,Conference semifinals,4
1992,Chicago Bulls,4,Cleveland Cavaliers,2,Conference finals,1
1992,Portland Trail Blazers,4,Utah Jazz,2,Conference finals,2
1992,Chicago Bulls,4,Portland Trail Blazers,2,NBA Finals,1
1991,Chicago Bulls,3,New York Knicks,0,First round,1
1991,Milwaukee Bucks,0,Philadelphia 76ers,3,First round,2
1991,Detroit Pistons,3,Atlanta Hawks,2,First round,3
1991,Boston Celtics,3,Indiana Pacers,2,First round,4
1991,Portland Trail Blazers,3,Seattle SuperSonics,2,First round,5
1991,Phoenix Suns,1,Utah Jazz,3,First round,6
1991,Los Angeles Lakers,3,Houston Rockets,0,First round,7
1991,San Antonio Spurs,1,Golden State Warriors,3,First round,8
1991,Chicago Bulls,4,Philadelphia 76ers,1,Conference semifinals,1
1991,Detroit Pistons,4,Boston Celtics,2,Conference semifinals,2
1991,Portland Trail Blazers,4,Utah Jazz,1,Conference semifinals,3
1991,Los Angeles Lakers,4,Golden State Warriors,1,Conference semifinals,4
1991,Chicago Bulls,4,Detroit Pistons,0,Conference finals,1
1991,Portland Trail Blazers,2,Los Angeles Lakers,4,Conference finals,2
1991,Chicago Bulls,4,Los Angeles Lakers,1,NBA Finals,1
1990,Detroit Pistons,3,Indiana Pacers,0,First round,1
1990,Boston Celtics,2,New York Knicks,3,First round,2
1990,Chicago Bulls,3,Milwaukee Bucks,1,First round,3
1990,Philadelphia 76ers,3,Cleveland Cavaliers,2,First round,4
1990,Los Angeles Lakers,3,Houston Rockets,1,First round,5
1990,Utah Jazz,2,Phoenix Suns,3,First round,6
1990,Portland Trail Blazers,3,Dallas Mavericks,0,First round,7
1990,San Antonio Spurs,3,Denver Nuggets,0,First round,8
1990,Detroit Pistons,4,New York Knicks,1,Conference semifinals,1
1990,Chicago Bulls,4,Philadelphia 76ers,1,Conference semifinals,2
1990,Los Angeles Lakers,1,Phoenix Suns,4,Conference semifinals,3
1990,Portland Trail Blazers,4,San Antonio Spurs,3,Conference semifinals,4
1990,Detroit Pistons,4,Chicago Bulls,3,Conference finals,1
1990,Phoenix Suns,2,Portland Trail Blazers,4,Conference finals,2
1990,Detroit Pistons,4,Portland Trail Blazers,1,NBA Finals,1
1989,Detroit Pistons,3,Boston Celtics,0,First round,1
1989,Atlanta Hawks,2,Milwaukee Bucks,3,First round,2
1989,Cleveland Cavaliers,2,Chicago Bulls,3,First round,3
1989,New York Knicks,3,Philadelphia 76ers,0,First round,4
1989,Los Angeles Lakers,3,Portland Trail Blazers,0,First round,5
1989,Seattle SuperSonics,3,Houston Rockets,1,First round,6
1989,Phoenix Suns,3,Denver Nuggets,0,First round,7
1989,Utah Jazz,0,Golden State Warriors,3,First round,8
1989,Detroit Pistons,4,Milwaukee Bucks,0,Conference semifinals,1
1989,Chicago Bulls,4,New York Knicks,2,Conference semifinals,2
1989,Los Angeles Lakers,4,Seattle SuperSonics,0,Conference semifinals,3
1989,Phoenix Suns,4,Golden State Warriors,1,Conference semifinals,4
1989,Detroit Pistons,4,Chicago Bulls,2,Conference finals,1
1989,Los Angeles Lakers,4,Phoenix Suns,0,Conference finals,2
1989,Detroit Pistons,4,Los Angeles Lakers,0,NBA Finals,1
1988,Boston Celtics,3,New York Knicks,1,First round,1
1988,Atlanta Hawks,3,Milwaukee Bucks,2,First round,2
1988,Chicago Bulls,3,Cleveland Cavaliers,2,First round,3
1988,Detroit Pistons,3,Washington Wizards,2,First round,4
1988,Los Angeles Lakers,3,San Antonio Spurs,0,First round,5
1988,Portland Trail Blazers,1,Utah Jazz,3,First round,6
1988,Dallas Mavericks,3,Houston Rockets,1,First round,7
1988,Denver Nuggets,3,Seattle SuperSonics,2,First round,8
1988,Boston Celtics,4,Atlanta Hawks,3,Conference semifinals,1
1988,Chicago Bulls,1,Detroit Pistons,4,Conference semifinals,2
1988,Los Angeles Lakers,4,Utah Jazz,3,Conference semifinals,3
1988,Dallas Mavericks,4,Denver Nuggets,2,Conference semifinals,4
1988,Boston Celtics,2,Detroit Pistons,4,Conference finals,1
1988,Los Angeles Lakers,4,Dallas Mavericks,3,Conference finals,2
1988,Detroit Pistons,3,Los Angeles Lakers,4,NBA Finals,1
1987,Boston Celtics,3,Chicago Bulls,0,First round,1
1987,Milwaukee Bucks,3,Philadelphia 76ers,2,First round,2
1987,Detroit Pistons,3,Washington Wizards,0,First round,3
1987,Atlanta Hawks,3,Indiana Pacers,1,First round,4
1987,Los Angeles Lakers,3,Denver Nuggets,0,First round,5
1987,Utah Jazz,2,Golden State Warriors,3,First round,6
1987,Portland Trail Blazers,1,Houston Rockets,3,First round,7
1987,Dallas Mavericks,1,Seattle SuperSonics,3,First round,8
1987,Boston Celtics,4,Milwaukee Bucks,3,Conference semifinals,1
1987,Detroit Pistons,4,Atlanta Hawks,1,Conference semifinals,2
1987,Los Angeles Lakers,4,Golden State Warriors,1,Conference semifinals,3
1987,Houston Rockets,2,Seattle SuperSonics,4,Conference semifinals,4
1987,Boston Celtics,4,Detroit Pistons,3,Conference finals,1
1987,Los Angeles Lakers,4,Seattle SuperSonics,0,Conference finals,2
1987,Boston Celtics,2,Los Angeles Lakers,4,NBA Finals,1
1986,Boston Celtics,3,Chicago Bulls,0,First round,1
1986,Atlanta Hawks,3,Detroit Pistons,1,First round,2
1986,Philadelphia 76ers,3,Washington Wizards,2,First round,3
1986,Milwaukee Bucks,3,Brooklyn Nets,0,First round,4
1986,Los Angeles Lakers,3,San Antonio Spurs,0,First round,5
1986,Dallas Mavericks,3,Utah Jazz,1,First round,6
1986,Denver Nuggets,3,Portland Trail Blazers,1,First round,7
1986,Houston Rockets,3,Sacramento Kings,0,First round,8
1986,Boston Celtics,4,Atlanta Hawks,1,Conference semifinals,1
1986,Philadelphia 76ers,3,Milwaukee Bucks,4,Conference semifinals,2
1986,Los Angeles Lakers,4,Dallas Mavericks,2,Conference semifinals,3
1986,Denver Nuggets,2,Houston Rockets,4,Conference semifinals,4
1986,Boston Celtics,4,Milwaukee Bucks,0,Conference finals,1
1986,Los Angeles Lakers,1,Houston Rockets,4,Conference finals,2
1986,Boston Celtics,4,Houston Rockets,2,NBA Finals,1
1985,Boston Celtics,3,Cleveland Cavaliers,1,First round,1
1985,Detroit Pistons,3,Brooklyn Nets,0,First round,2
1985,Philadelphia 76ers,3,Washington Wizards,1,First round,3
1985,Milwaukee Bucks,3,Chicago Bulls,1,First round,4
1985,Los Angeles Lakers,3,Phoenix Suns,0,First round,5
1985,Dallas Mavericks,1,Portland Trail Blazers,3,First round,6
1985,Houston Rockets,2,Utah Jazz,3,First round,7
1985,Denver Nuggets,3,San Antonio Spurs,2,First round,8
1985,Boston Celtics,4,Detroit Pistons,2,Conference semifinals,1
1985,Philadelphia 76ers,4,Milwaukee Bucks,0,Conference semifinals,2
1985,Los Angeles Lakers,4,Portland Trail Blazers,1,Conference semifinals,3
1985,Utah Jazz,1,Denver Nuggets,4,Conference semifinals,4
1985,Boston Celtics,4,Philadelphia 76ers,1,Conference finals,1
1985,Los Angeles Lakers,4,Denver Nuggets,1,Conference finals,2
1985,Boston Celtics,2,Los Angeles Lakers,4,NBA Finals,1
1984,Boston Celtics,3,Washington Wizards,1,First round,1
1984,Detroit Pistons,2,New York Knicks,3,First round,2
1984,Philadelphia 76ers,2,Brooklyn Nets,3,First round,3
1984,Milwaukee Bucks,3,Atlanta Hawks,2,First round,4
1984,Los Angeles Lakers,3,Sacramento Kings,0,First round,5
1984,Dallas Mavericks,3,Seattle SuperSonics,2,First round,6
1984,Portland Trail Blazers,2,Phoenix Suns,3,First round,7
1984,Utah Jazz,3,Denver Nuggets,2,First round,8
1984,Boston Celtics,4,New York Knicks,3,Conference semifinals,1
1984,Brooklyn Nets,2,Milwaukee Bucks,4,Conference semifinals,2
1984,Los Angeles Lakers,4,Dallas Mavericks,1,Conference semifinals,3
1984,Phoenix Suns,4,Utah Jazz,2,Conference semifinals,4
1984,Boston Celtics,4,Milwaukee Bucks,1,Conference finals,1
1984,Los Angeles Lakers,4,Phoenix Suns,2,Conference finals,2
1984,Boston Celtics,4,Los Angeles Lakers,3,NBA Finals,1
1983,Brooklyn Nets,0,New York Knicks,2,First round,1
1983,Boston Celtics,2,Atlanta Hawks,1,First round,3
1983,Seattle SuperSonics,0,Portland Trail Blazers,2,First round,5
1983,Phoenix Suns,1,Denver Nuggets,2,First round,7
1983,Philadelphia 76ers,4,New York Knicks,0,Conference semifinals,1
1983,Boston Celtics,0,Milwaukee Bucks,4,Conference semifinals,2
1983,Los Angeles Lakers,4,Portland Trail Blazers,1,Conference semifinals,3
1983,Denver Nuggets,1,San Antonio Spurs,4,Conference semifinals,4
1983,Philadelphia 76ers,4,Milwaukee Bucks,1,Conference finals,1
1983,Los Angeles Lakers,4,San Antonio Spurs,2,Conference finals,2
1983,Philadelphia 76ers,4,Los Angeles Lakers,0,NBA Finals,1
1982,Brooklyn Nets,0,Washington Wizards,2,First round,1
1982,Philadelphia 76ers,2,Atlanta Hawks,0,First round,3
1982,Denver Nuggets,1,Phoenix Suns,2,First round,5
1982,Seattle SuperSonics,2,Houston Rockets,1,First round,7
1982,Boston Celtics,4,Washington Wizards,1,Conference semifinals,1
1982,Philadelphia 76ers,4,Milwaukee Bucks,2,Conference semifinals,2
1982,Los Angeles Lakers,4,Phoenix Suns,1,Conference semifinals,3
1982,Seattle SuperSonics,1,San Antonio Spurs,4,Conference semifinals,4
1982,Boston Celtics,3,Philadelphia 76ers,4,Conference finals,1
1982,Los Angeles Lakers,4,San Antonio Spurs,0,Conference finals,2
1982,Philadelphia 76ers,2,Los Angeles Lakers,4,NBA Finals,1
1981,New York Knicks,0,Chicago Bulls,2,First round,1
1981,Philadelphia 76ers,2,Indiana Pacers,0,First round,3
1981,Portland Trail Blazers,1,Sacramento Kings,2,First round,5
1981,Los Angeles Lakers,1,Houston Rockets,2,First round,7
1981,Boston Celtics,4,Chicago Bulls,0,Conference semifinals,1
1981,Philadelphia 76ers,4,Milwaukee Bucks,3,Conference semifinals,2
1981,Phoenix Suns,3,Sacramento Kings,4,Conference semifinals,3
1981,Houston Rockets,4,San Antonio Spurs,3,Conference semifinals,4
1981,Boston Celtics,4,Philadelphia 76ers,3,Conference finals,1
1981,Sacramento Kings,1,Houston Rockets,4,Conference finals,2
1981,Boston Celtics,4,Houston Rockets,2,NBA Finals,1
1980,Houston Rockets,2,San Antonio Spurs,1,First round,1
1980,Philadelphia 76ers,2,Washington Wizards,0,First round,3
1980,Phoenix Suns,2,Sacramento Kings,1,First round,5
1980,Seattle SuperSonics,2,Portland Trail Blazers,1,First round,7
1980,Boston Celtics,4,Houston Rockets,0,Conference semifinals,1
1980,Philadelphia 76ers,4,Atlanta Hawks,1,Conference semifinals,2
1980,Los Angeles Lakers,4,Phoenix Suns,1,Conference semifinals,3
1980,Seattle SuperSonics,4,Milwaukee Bucks,3,Conference semifinals,4
1980,Boston Celtics,1,Philadelphia 76ers,4,Conference finals,1
1980,Los Angeles Lakers,4,Seattle SuperSonics,1,Conference finals,2
1980,Los Angeles Lakers,4,Philadelphia 76ers,2,NBA Finals,1
1979,Houston Rockets,0,Atlanta Hawks,2,First round,1
1979,Philadelphia 76ers,2,Brooklyn Nets,0,First round,3
1979,Denver Nuggets,1,Los Angeles Lakers,2,First round,5
1979,Phoenix Suns,2,Portland Trail Blazers,1,First round,7
1979,Washington Wizards,4,Atlanta Hawks,3,Conference semifinals,1
1979,Philadelphia 76ers,3,San Antonio Spurs,4,Conference semifinals,2
1979,Seattle SuperSonics,4,Los Angeles Lakers,1,Conference semifinals,3
1979,Phoenix Suns,4,Sacramento Kings,1,Conference semifinals,4
1979,Washington Wizards,4,San Antonio Spurs,3,Conference finals,1
1979,Seattle SuperSonics,4,Phoenix Suns,3,Conference finals,2
1979,Washington Wizards,1,Seattle SuperSonics,4,NBA Finals,1
1978,Cleveland Cavaliers,0,New York Knicks,2,First round,1
1978,Washington Wizards,2,Atlanta Hawks,0,First round,3
1978,Seattle SuperSonics,2,Los Angeles Lakers,1,First round,5
1978,Phoenix Suns,0,Milwaukee Bucks,2,First round,7
1978,Philadelphia 76ers,4,New York Knicks,0,Conference semifinals,1
1978,Washington Wizards,4,San Antonio Spurs,2,Conference semifinals,2
1978,Portland Trail Blazers,2,Seattle SuperSonics,4,Conference semifinals,3
1978,Milwaukee Bucks,3,Denver Nuggets,4,Conference semifinals,4
1978,Philadelphia 76ers,2,Washington Wizards,4,Conference finals,1
1978,Seattle SuperSonics,4,Denver Nuggets,2,Conference finals,2
1978,Washington Wizards,4,Seattle SuperSonics,3,NBA Finals,1
1977,Boston Celtics,2,San Antonio Spurs,0,First round,1
1977,Washington Wizards,2,Cleveland Cavaliers,1,First round,3
1977,Golden State Warriors,2,Detroit Pistons,1,First round,5
1977,Portland Trail Blazers,2,Chicago Bulls,1,First round,7
1977,Philadelphia 76ers,4,Boston Celtics,3,Conference semifinals,1
1977,Washington Wizards,2,Houston Rockets,4,Conference semifinals,2
1977,Los Angeles Lakers,4,Golden State Warriors,3,Conference semifinals,3
1977,Portland Trail Blazers,4,Denver Nuggets,2,Conference semifinals,4
1977,Philadelphia 76ers,4,Houston Rockets,2,Conference finals,1
1977,Los Angeles Lakers,0,Portland Trail Blazers,4,Conference finals,2
1977,Philadelphia 76ers,2,Portland Trail Blazers,4,NBA Finals,1
1976,Philadelphia 76ers,1,Buffalo Braves,2,First round,1
1976,Milwaukee Bucks,1,Detroit Pistons,2,First round,5
1976,Boston Celtics,4,Buffalo Braves,2,Conference semifinals,1
1976,Washington Wizards,3,Cleveland Cavaliers,4,Conference semifinals,2
1976,Golden State Warriors,4,Detroit Pistons,2,Conference semifinals,3
1976,Phoenix Suns,4,Seattle SuperSonics,2,Conference semifinals,4
1976,Boston Celtics,4,Cleveland Cavaliers,2,Conference finals,1
1976,Golden State Warriors,3,Phoenix Suns,4,Conference finals,2
1976,Boston Celtics,4,Phoenix Suns,2,NBA Finals,1
1975,Houston Rockets,2,New York Knicks,1,First round,1
1975,Seattle SuperSonics,2,Detroit Pistons,1,First round,5
1975,Boston Celtics,4,Houston Rockets,1,Conference semifinals,1
1975,Buffalo Braves,3,Washington Wizards,4,Conference semifinals,2
1975,Golden State Warriors,4,Seattle SuperSonics,2,Conference semifinals,3
1975,Sacramento Kings,2,Chicago Bulls,4,Conference semifinals,4
1975,Boston Celtics,2,Washington Wizards,4,Conference finals,1
1975,Golden State Warriors,4,Chicago Bulls,3,Conference finals,2
1975,Washington Wizards,0,Golden State Warriors,4,NBA Finals,1
1974,Boston Celtics,4,Buffalo Braves,2,Conference semifinals,1
1974,Washington Wizards,3,New York Knicks,4,Conference semifinals,2
1974,Milwaukee Bucks,4,Los Angeles Lakers,1,Conference semifinals,3
1974,Detroit Pistons,3,Chicago Bulls,4,Conference semifinals,4
1974,Boston Celtics,4,New York Knicks,1,Conference finals,1
1974,Milwaukee Bucks,4,Chicago Bulls,0,Conference finals,2
1974,Boston Celtics,4,Milwaukee Bucks,3,NBA Finals,1
1973,Boston Celtics,4,Atlanta Hawks,2,Conference semifinals,1
1973,Washington Wizards,1,New York Knicks,4,Conference semifinals,2
1973,Milwaukee Bucks,2,Golden State Warriors,4,Conference semifinals,3
1973,Chicago Bulls,3,Los Angeles Lakers,4,Conference semifinals,4
1973,Boston Celtics,3,New York Knicks,4,Conference finals,1
1973,Golden State Warriors,1,Los Angeles Lakers,4,Conference finals,2
1973,New York Knicks,4,Los Angeles Lakers,1,NBA Finals,1
1972,Boston Celtics,4,Atlanta Hawks,2,Conference semifinals,1
1972,Washington Wizards,2,New York Knicks,4,Conference semifinals,2
1972,Milwaukee Bucks,4,Golden State Warriors,1,Conference semifinals,3
1972,Los Angeles Lakers,4,Chicago Bulls,0,Conference semifinals,4
1972,Boston Celtics,1,New York Knicks,4,Conference finals,1
1972,Milwaukee Bucks,2,Los Angeles Lakers,4,Conference finals,2
1972,New York Knicks,1,Los Angeles Lakers,4,NBA Finals,1
1971,New York Knicks,4,Atlanta Hawks,1,Conference semifinals,1
1971,Washington Wizards,4,Philadelphia 76ers,3,Conference semifinals,2
1971,Milwaukee Bucks,4,Golden State Warriors,1,Conference semifinals,3
1971,Los Angeles Lakers,4,Chicago Bulls,3,Conference semifinals,4
1971,New York Knicks,3,Washington Wizards,4,Conference finals,1
1971,Milwaukee Bucks,4,Los Angeles Lakers,1,Conference finals,2
1971,Washington Wizards,0,Milwaukee Bucks,4,NBA Finals,1
1970,New York Knicks,4,Washington Wizards,3,Conference semifinals,1
1970,Philadelphia 76ers,1,Milwaukee Bucks,4,Conference semifinals,2
1970,Atlanta Hawks,4,Chicago Bulls,1,Conference semifinals,3
1970,Phoenix Suns,3,Los Angeles Lakers,4,Conference semifinals,4
1970,New York Knicks,4,Milwaukee Bucks,1,Conference finals,1
1970,Atlanta Hawks,0,Los Angeles Lakers,4,Conference finals,2
1970,New York Knicks,4,Los Angeles Lakers,3,NBA Finals,1
1969,Washington Wizards,0,New York Knicks,4,Conference semifinals,1
1969,Boston Celtics,4,Philadelphia 76ers,1,Conference semifinals,2
1969,Los Angeles Lakers,4,Golden State Warriors,2,Conference semifinals,3
1969,Houston Rockets,2,Atlanta Hawks,4,Conference semifinals,4
1969,New York Knicks,2,Boston Celtics,4,Conference finals,1
1969,Los Angeles Lakers,4,Atlanta Hawks,1,Conference finals,2
1969,Boston Celtics,4,Los Angeles Lakers,3,NBA Finals,1
1968,Philadelphia 76ers,4,New York Knicks,2,Conference semifinals,1
1968,Detroit Pistons,2,Boston Celtics,4,Conference semifinals,2
1968,Atlanta Hawks,2,Golden State Warriors,4,Conference semifinals,3
1968,Chicago Bulls,1,Los Angeles Lakers,4,Conference semifinals,4
1968,Philadelphia 76ers,3,Boston Celtics,4,Conference finals,1
1968,Golden State Warriors,0,Los Angeles Lakers,4,Conference finals,2
1968,Boston Celtics,4,Los Angeles Lakers,2,NBA Finals,1
1967,Philadelphia 76ers,3,Sacramento Kings,1,Conference semifinals,1
1967,New York Knicks,1,Boston Celtics,3,Conference semifinals,2
1967,Golden State Warriors,3,Los Angeles Lakers,0,Conference semifinals,3
1967,Chicago Bulls,0,Atlanta Hawks,3,Conference semifinals,4
1967,Philadelphia 76ers,4,Boston Celtics,1,Conference finals,1
1967,Golden State Warriors,4,Atlanta Hawks,2,Conference finals,2
1967,Philadelphia 76ers,4,Golden State Warriors,2,NBA Finals,1
1966,Sacramento Kings,2,Boston Celtics,3,Conference semifinals,1
1966,Atlanta Hawks,3,Washington Wizards,0,Conference semifinals,3
1966,Philadelphia 76ers,1,Boston Celtics,4,Conference finals,1
1966,Los Angeles Lakers,4,Atlanta Hawks,3,Conference finals,2
1966,Boston Celtics,4,Los Angeles Lakers,3,NBA Finals,1
1965,Philadelphia 76ers,3,Sacramento Kings,1,Conference semifinals,1
1965,Washington Wizards,3,Atlanta Hawks,1,Conference semifinals,3
1965,Boston Celtics,4,Philadelphia 76ers,3,Conference finals,1
1965,Los Angeles Lakers,4,Washington Wizards,2,Conference finals,2
1965,Boston Celtics,4,Los Angeles Lakers,1,NBA Finals,1
1964,Philadelphia 76ers,2,Sacramento Kings,3,Conference semifinals,1
1964,Los Angeles Lakers,2,Atlanta Hawks,3,Conference semifinals,3
1964,Boston Celtics,4,Sacramento Kings,1,Conference finals,1
1964,Golden State Warriors,4,Atlanta Hawks,3,Conference finals,2
1964,Boston Celtics,4,Golden State Warriors,1,NBA Finals,1
1963,Sacramento Kings,3,Philadelphia 76ers,2,Conference semifinals,1
1963,Detroit Pistons,1,Atlanta Hawks,3,Conference semifinals,3
1963,Boston Celtics,4,Sacramento Kings,3,Conference finals,1
1963,Los Angeles Lakers,4,Atlanta Hawks,3,Conference finals,2
1963,Boston Celtics,4,Los Angeles Lakers,2,NBA Finals,1
1962,Philadelphia 76ers,2,Golden State Warriors,3,Conference semifinals,1
1962,Detroit Pistons,3,Sacramento Kings,1,Conference semifinals,2
1962,Boston Celtics,4,Golden State Warriors,3,Conference finals,1
1962,Los Angeles Lakers,4,Detroit Pistons,2,Conference finals,2
1962,Boston Celtics,4,Los Angeles Lakers,3,NBA Finals,1
1961,Philadelphia 76ers,3,Golden State Warriors,0,Conference semifinals,1
1961,Detroit Pistons,2,Los Angeles Lakers,3,Conference semifinals,3
1961,Boston Celtics,4,Philadelphia 76ers,1,Conference finals,1
1961,Atlanta Hawks,4,Los Angeles Lakers,3,Conference finals,2
1961,Boston Celtics,4,Atlanta Hawks,1,NBA Finals,1
1960,Philadelphia 76ers,1,Golden State Warriors,2,Conference semifinals,1
1960,Los Angeles Lakers,2,Detroit Pistons,0,Conference semifinals,3
1960,Boston Celtics,4,Golden State Warriors,2,Conference finals,1
1960,Atlanta Hawks,4,Los Angeles Lakers,3,Conference finals,2
1960,Boston Celtics,4,Atlanta Hawks,3,NBA Finals,1
1959,Philadelphia 76ers,2,New York Knicks,0,Conference semifinals,1
1959,Detroit Pistons,1,Los Angeles Lakers,2,Conference semifinals,3
1959,Boston Celtics,4,Philadelphia 76ers,3,Conference finals,1
1959,Atlanta Hawks,2,Los Angeles Lakers,4,Conference finals,2
1959,Boston Celtics,4,Los Angeles Lakers,0,NBA Finals,1
1958,Golden State Warriors,2,Philadelphia 76ers,1,Conference semifinals,1
1958,Sacramento Kings,0,Detroit Pistons,2,Conference semifinals,3
1958,Boston Celtics,4,Golden State Warriors,1,Conference finals,1
1958,Atlanta Hawks,4,Detroit Pistons,1,Conference finals,2
1958,Boston Celtics,2,Atlanta Hawks,4,NBA Finals,1
1957,Golden State Warriors,0,Philadelphia 76ers,2,Conference semifinals,1
1957,Detroit Pistons,0,Los Angeles Lakers,2,Conference semifinals,3
1957,Boston Celtics,3,Philadelphia 76ers,0,Conference finals,1
1957,Atlanta Hawks,3,Los Angeles Lakers,0,Conference finals,2
1957,Boston Celtics,4,Atlanta Hawks,3,NBA Finals,1
1956,Philadelphia 76ers,2,Boston Celtics,1,Conference semifinals,1
1956,Atlanta Hawks,2,Los Angeles Lakers,1,Conference semifinals,3
1956,Golden State Warriors,3,Philadelphia 76ers,2,Conference finals,1
1956,Detroit Pistons,3,Atlanta Hawks,2,Conference finals,2
1956,Golden State Warriors,4,Detroit Pistons,1,NBA Finals,1
1955,Boston Celtics,2,New York Knicks,1,Conference semifinals,1
1955,Sacramento Kings,1,Los Angeles Lakers,2,Conference semifinals,3
1955,Philadelphia 76ers,3,Boston Celtics,2,Conference finals,1
1955,Detroit Pistons,3,Los Angeles Lakers,1,Conference finals,2
1955,Philadelphia 76ers,4,Detroit Pistons,3,NBA Finals,1
1954,Philadelphia 76ers,2,Boston Celtics,0,Conference finals,1
1954,Los Angeles Lakers,2,Sacramento Kings,1,Conference finals,2
1954,Philadelphia 76ers,3,Los Angeles Lakers,4,NBA Finals,1
1953,New York Knicks,2,Washington Wizards,0,Conference semifinals,1
1953,Boston Celtics,2,Philadelphia 76ers,0,Conference semifinals,2
1953,Los Angeles Lakers,2,Indianapolis Olympians,0,Conference semifinals,3
1953,Detroit Pistons,2,Sacramento Kings,1,Conference semifinals,4
1953,New York Knicks,3,Boston Celtics,1,Conference finals,1
1953,Los Angeles Lakers,3,Detroit Pistons,2,Conference finals,2
1953,New York Knicks,1,Los Angeles Lakers,4,NBA Finals,1
1952,Philadelphia 76ers,2,Golden State Warriors,1,Conference semifinals,1
1952,New York Knicks,2,Boston Celtics,1,Conference semifinals,2
1952,Sacramento Kings,2,Detroit Pistons,0,Conference semifinals,3
1952,Indianapolis Olympians,0,Los Angeles Lakers,2,Conference semifinals,4
1952,Philadelphia 76ers,1,New York Knicks,3,Conference finals,1
1952,Sacramento Kings,1,Los Angeles Lakers,3,Conference finals,2
1952,New York Knicks,3,Los Angeles Lakers,4,NBA Finals,1
1951,Golden State Warriors,0,Philadelphia 76ers,2,Conference semifinals,1
1951,New York Knicks,2,Boston Celtics,0,Conference semifinals,2
1951,Los Angeles Lakers,2,Indianapolis Olympians,1,Conference semifinals,3
1951,Detroit Pistons,1,Sacramento Kings,2,Conference semifinals,4
1951,Philadelphia 76ers,2,New York Knicks,3,Conference finals,1
1951,Los Angeles Lakers,1,Sacramento Kings,3,Conference finals,2
1951,New York Knicks,3,Sacramento Kings,4,NBA Finals,1